setting,regime,detector,seed,n_train,n_val,n_test,n_real_test,n_synth_test,threshold,f1,precision,recall,auroc,avg_precision,real_det,synth_det,normal_fpr,fit_time_sec,note
controlled_500,all_origins,HGB,0,300,100,100,25,25,0.33,0.9900990099009901,0.9803921568627451,1.0,0.9995999999999999,0.999607843137255,1.0,1.0,0.02,0.7423379421234131,ok
controlled_500,all_origins,RF,0,300,100,100,25,25,0.54,0.9795918367346939,1.0,0.96,0.9996,0.9996078431372548,1.0,0.92,0.0,0.18018198013305664,ok
controlled_500,all_origins,LR,0,300,100,100,25,25,0.55,0.9306930693069307,0.9215686274509803,0.94,0.9908,0.9912837732544608,1.0,0.88,0.08,0.04910397529602051,ok
controlled_500,all_origins,kNN,0,300,100,100,25,25,0.01,0.875,0.7903225806451613,0.98,0.9634,0.9545682684582115,1.0,0.96,0.26,0.06544733047485352,ok
controlled_500,all_origins,MLP,0,300,100,100,25,25,0.47000000000000003,0.8932038834951457,0.8679245283018868,0.92,0.9812000000000001,0.9828506856203993,0.96,0.88,0.14,0.0651710033416748,ok
controlled_500,all_origins,XGB,0,300,100,100,25,25,0.52,0.9615384615384616,0.9259259259259259,1.0,0.9992,0.999207843137255,1.0,1.0,0.08,0.3296828269958496,ok
controlled_500,all_origins,HGB,1,300,100,100,25,25,0.68,0.9591836734693877,0.9791666666666666,0.94,0.9792000000000001,0.9864466078501033,1.0,0.88,0.02,0.8650870323181152,ok
controlled_500,all_origins,RF,1,300,100,100,25,25,0.48000000000000004,0.9504950495049505,0.9411764705882353,0.96,0.9822,0.9876459625326879,1.0,0.92,0.06,0.16771602630615234,ok
controlled_500,all_origins,LR,1,300,100,100,25,25,0.38,0.9019607843137255,0.8846153846153846,0.92,0.9588,0.9703622259372866,0.96,0.88,0.12,0.04864978790283203,ok
controlled_500,all_origins,kNN,1,300,100,100,25,25,0.41000000000000003,0.7415730337078652,0.8461538461538461,0.66,0.8892,0.884395991332611,0.92,0.4,0.12,0.051085710525512695,ok
controlled_500,all_origins,MLP,1,300,100,100,25,25,0.44,0.8952380952380953,0.8545454545454545,0.94,0.9512,0.9495052143008724,1.0,0.88,0.16,0.061234235763549805,ok
controlled_500,all_origins,XGB,1,300,100,100,25,25,0.38,0.96,0.96,0.96,0.976,0.9847092341127296,1.0,0.92,0.04,0.3442370891571045,ok
controlled_500,all_origins,HGB,2,300,100,100,25,25,0.78,0.9690721649484536,1.0,0.94,0.9975999999999999,0.9976754475375056,1.0,0.88,0.0,0.7946817874908447,ok
controlled_500,all_origins,RF,2,300,100,100,25,25,0.41000000000000003,0.9607843137254902,0.9423076923076923,0.98,0.992,0.9916956405658024,1.0,0.96,0.06,0.18150091171264648,ok
controlled_500,all_origins,LR,2,300,100,100,25,25,0.49,0.9387755102040817,0.9583333333333334,0.92,0.9816,0.9807272608898921,1.0,0.84,0.04,0.04992198944091797,ok
controlled_500,all_origins,kNN,2,300,100,100,25,25,0.01,0.9090909090909091,0.8333333333333334,1.0,0.9454,0.921855724920241,1.0,1.0,0.2,0.04700493812561035,ok
controlled_500,all_origins,MLP,2,300,100,100,25,25,0.51,0.9,0.9,0.9,0.9551999999999999,0.9556640999400376,0.96,0.84,0.1,0.05958819389343262,ok
controlled_500,all_origins,XGB,2,300,100,100,25,25,0.52,0.9494949494949495,0.9591836734693877,0.94,0.9928000000000001,0.9933627373898528,1.0,0.88,0.04,0.36768007278442383,ok
controlled_500,all_origins,HGB,3,300,100,100,25,25,0.03,0.9142857142857143,0.8727272727272727,0.96,0.98,0.9856756488320048,1.0,0.92,0.14,0.9612278938293457,ok
controlled_500,all_origins,RF,3,300,100,100,25,25,0.45,0.9215686274509803,0.9038461538461539,0.94,0.977,0.9792568440342438,1.0,0.88,0.1,0.1736609935760498,ok
controlled_500,all_origins,LR,3,300,100,100,25,25,0.39,0.8543689320388349,0.8301886792452831,0.88,0.9192,0.9357424867170772,0.88,0.88,0.18,0.04880809783935547,ok
controlled_500,all_origins,kNN,3,300,100,100,25,25,0.21000000000000002,0.8076923076923077,0.7777777777777778,0.84,0.8755999999999999,0.8348497116918169,0.84,0.84,0.24,0.04885292053222656,ok
controlled_500,all_origins,MLP,3,300,100,100,25,25,0.33,0.8073394495412844,0.7457627118644068,0.88,0.9212,0.9382904213502195,0.88,0.88,0.3,0.06611490249633789,ok
controlled_500,all_origins,XGB,3,300,100,100,25,25,0.22,0.9411764705882353,0.9230769230769231,0.96,0.9783999999999999,0.9849730833925393,1.0,0.92,0.08,0.35609006881713867,ok
controlled_500,all_origins,HGB,4,300,100,100,25,25,0.01,0.96,0.96,0.96,0.9972,0.9972587808708389,1.0,0.92,0.04,0.7782950401306152,ok
controlled_500,all_origins,RF,4,300,100,100,25,25,0.47000000000000003,0.9387755102040817,0.9583333333333334,0.92,0.9924000000000001,0.9928745464261558,1.0,0.84,0.04,0.17157983779907227,ok
controlled_500,all_origins,LR,4,300,100,100,25,25,0.75,0.9484536082474226,0.9787234042553191,0.92,0.9856,0.9823144583604313,1.0,0.84,0.02,0.04813098907470703,ok
controlled_500,all_origins,kNN,4,300,100,100,25,25,0.41000000000000003,0.8936170212765957,0.9545454545454546,0.84,0.9571999999999999,0.95200999000999,0.96,0.72,0.04,0.055153846740722656,ok
controlled_500,all_origins,MLP,4,300,100,100,25,25,0.42000000000000004,0.9158878504672897,0.8596491228070176,0.98,0.9727999999999999,0.9729729802564855,1.0,0.96,0.16,0.061634063720703125,ok
controlled_500,all_origins,XGB,4,300,100,100,25,25,0.060000000000000005,0.9142857142857143,0.8727272727272727,0.96,0.9904000000000001,0.9916605096275799,1.0,0.92,0.14,0.3376741409301758,ok
controlled_500,all_origins,HGB,5,300,100,100,25,25,0.02,0.9411764705882353,0.9230769230769231,0.96,0.9772,0.9815056206060992,1.0,0.92,0.08,0.8022279739379883,ok
controlled_500,all_origins,RF,5,300,100,100,25,25,0.36000000000000004,0.9411764705882353,0.9230769230769231,0.96,0.9919999999999999,0.9934159391720643,1.0,0.92,0.08,0.2026350498199463,ok
controlled_500,all_origins,LR,5,300,100,100,25,25,0.39,0.9494949494949495,0.9591836734693877,0.94,0.9936,0.9940498092157107,1.0,0.88,0.04,0.04786181449890137,ok
controlled_500,all_origins,kNN,5,300,100,100,25,25,0.41000000000000003,0.9032258064516129,0.9767441860465116,0.84,0.9782,0.9685315073680225,1.0,0.68,0.02,0.053223371505737305,ok
controlled_500,all_origins,MLP,5,300,100,100,25,25,0.53,0.9306930693069307,0.9215686274509803,0.94,0.9740000000000001,0.9779572597411379,0.92,0.96,0.08,0.06168699264526367,ok
controlled_500,all_origins,XGB,5,300,100,100,25,25,0.19,0.9504950495049505,0.9411764705882353,0.96,0.9756,0.9830564507308441,1.0,0.92,0.06,0.3417351245880127,ok
controlled_500,all_origins,HGB,6,300,100,100,25,25,0.22,0.9504950495049505,0.9411764705882353,0.96,0.9824,0.9887344570644327,1.0,0.92,0.06,0.9425919055938721,ok
controlled_500,all_origins,RF,6,300,100,100,25,25,0.42000000000000004,0.912621359223301,0.8867924528301887,0.94,0.9668,0.9768419723683683,1.0,0.88,0.12,0.2147960662841797,ok
controlled_500,all_origins,LR,6,300,100,100,25,25,0.5700000000000001,0.912621359223301,0.8867924528301887,0.94,0.9479999999999998,0.9550715477456228,1.0,0.88,0.12,0.05124688148498535,ok
controlled_500,all_origins,kNN,6,300,100,100,25,25,0.41000000000000003,0.8260869565217391,0.9047619047619048,0.76,0.9301999999999999,0.9312385494738435,0.92,0.6,0.08,0.07177591323852539,ok
controlled_500,all_origins,MLP,6,300,100,100,25,25,0.41000000000000003,0.8108108108108109,0.7377049180327869,0.9,0.9256,0.9384658114991089,1.0,0.8,0.32,0.09309124946594238,ok
controlled_500,all_origins,XGB,6,300,100,100,25,25,0.62,0.94,0.94,0.94,0.9727999999999999,0.9831150793650795,1.0,0.88,0.06,0.40494704246520996,ok
controlled_500,all_origins,HGB,7,300,100,100,25,25,0.02,0.9306930693069307,0.9215686274509803,0.94,0.9868000000000001,0.987101653016763,1.0,0.88,0.08,1.025468111038208,ok
controlled_500,all_origins,RF,7,300,100,100,25,25,0.47000000000000003,0.9514563106796117,0.9245283018867925,0.98,0.994,0.9944943959015967,1.0,0.96,0.08,0.2376399040222168,ok
controlled_500,all_origins,LR,7,300,100,100,25,25,0.38,0.8737864077669902,0.8490566037735849,0.9,0.9271999999999999,0.9276010264047079,1.0,0.8,0.16,0.050650835037231445,ok
controlled_500,all_origins,kNN,7,300,100,100,25,25,0.21000000000000002,0.8653846153846154,0.8333333333333334,0.9,0.9413999999999999,0.9400219780219781,0.96,0.84,0.18,0.05874490737915039,ok
controlled_500,all_origins,MLP,7,300,100,100,25,25,0.45,0.8679245283018868,0.8214285714285714,0.92,0.9596,0.9607514380108861,1.0,0.84,0.2,0.0781559944152832,ok
controlled_500,all_origins,XGB,7,300,100,100,25,25,0.06999999999999999,0.9333333333333333,0.8909090909090909,0.98,0.99,0.9906434626010487,1.0,0.96,0.12,0.48388028144836426,ok
controlled_500,all_origins,HGB,8,300,100,100,25,25,0.11,0.9696969696969697,0.9795918367346939,0.96,0.996,0.9959540219028052,1.0,0.92,0.02,0.9086689949035645,ok
controlled_500,all_origins,RF,8,300,100,100,25,25,0.35000000000000003,0.9423076923076923,0.9074074074074074,0.98,0.9952000000000001,0.9954866300366301,1.0,0.96,0.1,0.18722891807556152,ok
controlled_500,all_origins,LR,8,300,100,100,25,25,0.53,0.8686868686868687,0.8775510204081632,0.86,0.9332,0.9383570847113532,0.96,0.76,0.12,0.05205821990966797,ok
controlled_500,all_origins,kNN,8,300,100,100,25,25,0.21000000000000002,0.8041237113402062,0.8297872340425532,0.78,0.888,0.8607065576924326,1.0,0.56,0.16,0.055728912353515625,ok
controlled_500,all_origins,MLP,8,300,100,100,25,25,0.53,0.7956989247311828,0.8604651162790697,0.74,0.9016,0.9036926183864142,0.72,0.76,0.12,0.06968975067138672,ok
controlled_500,all_origins,XGB,8,300,100,100,25,25,0.22,0.9504950495049505,0.9411764705882353,0.96,0.992,0.9923944517103898,1.0,0.92,0.06,0.371441125869751,ok
controlled_500,all_origins,HGB,9,300,100,100,25,25,0.17,0.9387755102040817,0.9583333333333334,0.92,0.9715999999999999,0.974376590474022,1.0,0.84,0.04,1.0116899013519287,ok
controlled_500,all_origins,RF,9,300,100,100,25,25,0.53,0.8958333333333334,0.9347826086956522,0.86,0.9677999999999999,0.9742030633727077,1.0,0.72,0.06,0.2164449691772461,ok
controlled_500,all_origins,LR,9,300,100,100,25,25,0.21000000000000002,0.8514851485148515,0.8431372549019608,0.86,0.9328,0.9461825663204401,1.0,0.72,0.16,0.0529789924621582,ok
controlled_500,all_origins,kNN,9,300,100,100,25,25,0.21000000000000002,0.8080808080808081,0.8163265306122449,0.8,0.8814,0.9027920478536242,0.96,0.64,0.18,0.053786277770996094,ok
controlled_500,all_origins,MLP,9,300,100,100,25,25,0.37,0.865979381443299,0.8936170212765957,0.84,0.9436,0.9556624608365374,0.96,0.72,0.1,0.07959771156311035,ok
controlled_500,all_origins,XGB,9,300,100,100,25,25,0.14,0.9423076923076923,0.9074074074074074,0.98,0.9780000000000001,0.9820588604213876,1.0,0.96,0.1,0.3299438953399658,ok
controlled_500,synthetic_only,HGB,0,225,75,100,25,25,0.11,0.6493506493506493,0.9259259259259259,0.5,0.8512,0.885187339656045,0.0,1.0,0.04,0.6325581073760986,ok
controlled_500,synthetic_only,RF,0,225,75,100,25,25,0.27,0.7311827956989247,0.7906976744186046,0.68,0.8748,0.8925053224226939,0.36,1.0,0.18,0.1981520652770996,ok
controlled_500,synthetic_only,LR,0,225,75,100,25,25,0.4,0.6753246753246753,0.9629629629629629,0.52,0.8648,0.8883482443765192,0.12,0.92,0.02,0.051878929138183594,ok
controlled_500,synthetic_only,kNN,0,225,75,100,25,25,0.01,0.7916666666666666,0.8260869565217391,0.76,0.818,0.7983695652173913,0.56,0.96,0.16,0.05357193946838379,ok
controlled_500,synthetic_only,MLP,0,225,75,100,25,25,0.36000000000000004,0.5263157894736842,0.7692307692307693,0.4,0.6288,0.7177378165692128,0.04,0.76,0.12,0.06746196746826172,ok
controlled_500,synthetic_only,XGB,0,225,75,100,25,25,0.24000000000000002,0.7294117647058823,0.8857142857142857,0.62,0.872,0.8946966835390449,0.24,1.0,0.08,0.2868788242340088,ok
controlled_500,synthetic_only,HGB,1,225,75,100,25,25,0.6,0.6301369863013698,1.0,0.46,0.7224,0.7937862104521243,0.04,0.88,0.0,0.6813712120056152,ok
controlled_500,synthetic_only,RF,1,225,75,100,25,25,0.5700000000000001,0.6111111111111112,1.0,0.44,0.782,0.8347515222067003,0.0,0.88,0.0,0.18635177612304688,ok
controlled_500,synthetic_only,LR,1,225,75,100,25,25,0.53,0.5945945945945946,0.9166666666666666,0.44,0.6556,0.7577844665070328,0.04,0.84,0.04,0.05140185356140137,ok
controlled_500,synthetic_only,kNN,1,225,75,100,25,25,0.41000000000000003,0.3050847457627119,1.0,0.18,0.7100000000000001,0.7044444444444445,0.04,0.32,0.0,0.052985191345214844,ok
controlled_500,synthetic_only,MLP,1,225,75,100,25,25,0.42000000000000004,0.7096774193548387,0.7674418604651163,0.66,0.7984,0.7877895704691281,0.6,0.72,0.2,0.060693979263305664,ok
controlled_500,synthetic_only,XGB,1,225,75,100,25,25,0.5,0.6216216216216216,0.9583333333333334,0.46,0.7256,0.7971199220848411,0.04,0.88,0.02,0.29656505584716797,ok
controlled_500,synthetic_only,HGB,2,225,75,100,25,25,0.16,0.6578947368421053,0.9615384615384616,0.5,0.8255999999999999,0.8671159500481911,0.08,0.92,0.02,0.7495131492614746,ok
controlled_500,synthetic_only,RF,2,225,75,100,25,25,0.38,0.631578947368421,0.9230769230769231,0.48,0.7836,0.8331027493242463,0.04,0.92,0.04,0.17814111709594727,ok
controlled_500,synthetic_only,LR,2,225,75,100,25,25,0.26,0.631578947368421,0.9230769230769231,0.48,0.7644,0.8215279339512229,0.0,0.96,0.04,0.04871010780334473,ok
controlled_500,synthetic_only,kNN,2,225,75,100,25,25,0.01,0.6190476190476191,0.7647058823529411,0.52,0.7038,0.7087581699346405,0.16,0.88,0.16,0.05027198791503906,ok
controlled_500,synthetic_only,MLP,2,225,75,100,25,25,0.53,0.4375,1.0,0.28,0.7512,0.8077526282670102,0.0,0.56,0.0,0.06715178489685059,ok
controlled_500,synthetic_only,XGB,2,225,75,100,25,25,0.23,0.6666666666666666,1.0,0.5,0.7724000000000001,0.8371051578211413,0.08,0.92,0.0,0.29212498664855957,ok
controlled_500,synthetic_only,HGB,3,225,75,100,25,25,0.02,0.6746987951807228,0.8484848484848485,0.56,0.7392,0.81922859755897,0.2,0.92,0.1,0.6453151702880859,ok
controlled_500,synthetic_only,RF,3,225,75,100,25,25,0.27,0.6818181818181818,0.7894736842105263,0.6,0.7744,0.8333162768551068,0.28,0.92,0.16,0.18970704078674316,ok
controlled_500,synthetic_only,LR,3,225,75,100,25,25,0.12,0.55,0.7333333333333333,0.44,0.5144000000000001,0.6853416392018414,0.0,0.88,0.16,0.05034017562866211,ok
controlled_500,synthetic_only,kNN,3,225,75,100,25,25,0.21000000000000002,0.5974025974025974,0.8518518518518519,0.46,0.7202000000000001,0.7362592592592593,0.08,0.84,0.08,0.05024409294128418,ok
controlled_500,synthetic_only,MLP,3,225,75,100,25,25,0.34,0.49382716049382713,0.6451612903225806,0.4,0.6584000000000001,0.7222060399230685,0.12,0.68,0.22,0.06043291091918945,ok
controlled_500,synthetic_only,XGB,3,225,75,100,25,25,0.21000000000000002,0.691358024691358,0.9032258064516129,0.56,0.7168,0.805324934246092,0.2,0.92,0.06,0.3696558475494385,ok
controlled_500,synthetic_only,HGB,4,225,75,100,25,25,0.01,0.6216216216216216,0.9583333333333334,0.46,0.6952,0.7778657146311803,0.0,0.92,0.02,0.6627001762390137,ok
controlled_500,synthetic_only,RF,4,225,75,100,25,25,0.34,0.65,0.8666666666666667,0.52,0.8140000000000001,0.8455321663278126,0.16,0.88,0.08,0.1754770278930664,ok
controlled_500,synthetic_only,LR,4,225,75,100,25,25,0.77,0.5633802816901409,0.9523809523809523,0.4,0.7008000000000001,0.7876804425741208,0.0,0.8,0.02,0.05090498924255371,ok
controlled_500,synthetic_only,kNN,4,225,75,100,25,25,0.21000000000000002,0.6233766233766234,0.8888888888888888,0.48,0.7844,0.7777777777777778,0.16,0.8,0.06,0.04981708526611328,ok
controlled_500,synthetic_only,MLP,4,225,75,100,25,25,0.4,0.5454545454545454,0.7777777777777778,0.42,0.7512,0.7685885735837352,0.08,0.76,0.12,0.06026101112365723,ok
controlled_500,synthetic_only,XGB,4,225,75,100,25,25,0.06999999999999999,0.6,0.8,0.48,0.6940000000000001,0.7835809669484606,0.04,0.92,0.12,0.29170918464660645,ok
controlled_500,synthetic_only,HGB,5,225,75,100,25,25,0.11,0.6027397260273972,0.9565217391304348,0.44,0.7024,0.7906095941703191,0.0,0.88,0.02,0.6036198139190674,ok
controlled_500,synthetic_only,RF,5,225,75,100,25,25,0.46,0.6111111111111112,1.0,0.44,0.8098000000000001,0.8601502793425342,0.0,0.88,0.0,0.1898479461669922,ok
controlled_500,synthetic_only,LR,5,225,75,100,25,25,0.33,0.6233766233766234,0.8888888888888888,0.48,0.6384000000000001,0.7534164686243642,0.04,0.92,0.06,0.051362037658691406,ok
controlled_500,synthetic_only,kNN,5,225,75,100,25,25,0.21000000000000002,0.5633802816901409,0.9523809523809523,0.4,0.7698000000000002,0.7648888888888887,0.04,0.76,0.02,0.05223894119262695,ok
controlled_500,synthetic_only,MLP,5,225,75,100,25,25,0.27,0.575,0.7666666666666667,0.46,0.6884,0.7657786140573944,0.04,0.88,0.14,0.06703686714172363,ok
controlled_500,synthetic_only,XGB,5,225,75,100,25,25,0.55,0.5714285714285714,1.0,0.4,0.678,0.7856316894940009,0.0,0.8,0.0,0.2935640811920166,ok
controlled_500,synthetic_only,HGB,6,225,75,100,25,25,0.06999999999999999,0.6666666666666666,0.9285714285714286,0.52,0.7220000000000001,0.8007870205682985,0.08,0.96,0.04,0.6524059772491455,ok
controlled_500,synthetic_only,RF,6,225,75,100,25,25,0.3,0.6744186046511628,0.8055555555555556,0.58,0.7346,0.797668157398047,0.24,0.92,0.14,0.17609238624572754,ok
controlled_500,synthetic_only,LR,6,225,75,100,25,25,0.16,0.6097560975609756,0.78125,0.5,0.638,0.7541065266302636,0.08,0.92,0.14,0.05048108100891113,ok
controlled_500,synthetic_only,kNN,6,225,75,100,25,25,0.41000000000000003,0.47761194029850745,0.9411764705882353,0.32,0.7122,0.7368810972664928,0.08,0.56,0.02,0.048048973083496094,ok
controlled_500,synthetic_only,MLP,6,225,75,100,25,25,0.39,0.6024096385542169,0.7575757575757576,0.5,0.6448,0.7237246017920245,0.2,0.8,0.16,0.06551504135131836,ok
controlled_500,synthetic_only,XGB,6,225,75,100,25,25,0.3,0.6153846153846154,0.8571428571428571,0.48,0.7096,0.793612345831362,0.04,0.92,0.08,0.300889253616333,ok
controlled_500,synthetic_only,HGB,7,225,75,100,25,25,0.01,0.6493506493506493,0.9259259259259259,0.5,0.7512,0.8206877786080586,0.08,0.92,0.04,0.5164549350738525,ok
controlled_500,synthetic_only,RF,7,225,75,100,25,25,0.29000000000000004,0.6823529411764706,0.8285714285714286,0.58,0.8292,0.8547062264318426,0.16,1.0,0.12,0.17624521255493164,ok
controlled_500,synthetic_only,LR,7,225,75,100,25,25,0.21000000000000002,0.5945945945945946,0.9166666666666666,0.44,0.6648000000000001,0.7565269588191047,0.0,0.88,0.04,0.05164003372192383,ok
controlled_500,synthetic_only,kNN,7,225,75,100,25,25,0.01,0.6590909090909091,0.7631578947368421,0.58,0.7378,0.7521052631578946,0.32,0.84,0.18,0.05054903030395508,ok
controlled_500,synthetic_only,MLP,7,225,75,100,25,25,0.24000000000000002,0.4810126582278481,0.6551724137931034,0.38,0.6632,0.7164658376792319,0.04,0.72,0.2,0.06410717964172363,ok
controlled_500,synthetic_only,XGB,7,225,75,100,25,25,0.14,0.5753424657534246,0.9130434782608695,0.42,0.7507999999999999,0.815033695610899,0.04,0.8,0.04,0.30992722511291504,ok
controlled_500,synthetic_only,HGB,8,225,75,100,25,25,0.03,0.6216216216216216,0.9583333333333334,0.46,0.6951999999999999,0.799900203636625,0.04,0.88,0.02,0.6484010219573975,ok
controlled_500,synthetic_only,RF,8,225,75,100,25,25,0.34,0.6329113924050633,0.8620689655172413,0.5,0.786,0.8368087832465921,0.08,0.92,0.08,0.1883528232574463,ok
controlled_500,synthetic_only,LR,8,225,75,100,25,25,0.53,0.5217391304347826,0.9473684210526315,0.36,0.6268,0.7308133488855171,0.0,0.72,0.02,0.054947853088378906,ok
controlled_500,synthetic_only,kNN,8,225,75,100,25,25,0.21000000000000002,0.417910447761194,0.8235294117647058,0.28,0.655,0.6579539641943735,0.04,0.52,0.06,0.05178689956665039,ok
controlled_500,synthetic_only,MLP,8,225,75,100,25,25,0.38,0.5609756097560976,0.71875,0.46,0.7164,0.7447257315969776,0.08,0.84,0.18,0.06472086906433105,ok
controlled_500,synthetic_only,XGB,8,225,75,100,25,25,0.36000000000000004,0.5833333333333334,0.9545454545454546,0.42,0.644,0.7636368095285575,0.0,0.84,0.02,0.3039541244506836,ok
controlled_500,synthetic_only,HGB,9,225,75,100,25,25,0.01,0.725,0.9666666666666667,0.58,0.7983999999999999,0.857241730004924,0.24,0.92,0.02,0.5799410343170166,ok
controlled_500,synthetic_only,RF,9,225,75,100,25,25,0.22,0.6966292134831461,0.7948717948717948,0.62,0.8104,0.8539078392424252,0.32,0.92,0.16,0.18805289268493652,ok
controlled_500,synthetic_only,LR,9,225,75,100,25,25,0.19,0.5675675675675675,0.875,0.42,0.708,0.777143011896571,0.0,0.84,0.06,0.04901623725891113,ok
controlled_500,synthetic_only,kNN,9,225,75,100,25,25,0.01,0.5609756097560976,0.71875,0.46,0.669,0.6954305555555556,0.28,0.64,0.18,0.05027604103088379,ok
controlled_500,synthetic_only,MLP,9,225,75,100,25,25,0.52,0.5555555555555556,0.9090909090909091,0.4,0.7836,0.8162969855901325,0.2,0.6,0.04,0.06662392616271973,ok
controlled_500,synthetic_only,XGB,9,225,75,100,25,25,0.12,0.7469879518072289,0.9393939393939394,0.62,0.7643999999999999,0.8374621848717287,0.28,0.96,0.04,0.26695823669433594,ok
controlled_500,real_only,HGB,0,225,75,100,25,25,0.01,0.6666666666666666,1.0,0.5,0.75,0.75,1.0,0.0,0.0,0.2566490173339844,ok
controlled_500,real_only,RF,0,225,75,100,25,25,0.52,0.6486486486486487,1.0,0.48,0.8848,0.8933139531551876,0.96,0.0,0.0,0.19409394264221191,ok
controlled_500,real_only,LR,0,225,75,100,25,25,0.75,0.7341772151898734,1.0,0.58,0.7888,0.8584821304568889,1.0,0.16,0.0,0.05741524696350098,ok
controlled_500,real_only,kNN,0,225,75,100,25,25,0.41000000000000003,0.7317073170731707,0.9375,0.6,0.8499999999999999,0.8547549407114624,0.92,0.28,0.04,0.06267809867858887,ok
controlled_500,real_only,MLP,0,225,75,100,25,25,0.51,0.6582278481012658,0.896551724137931,0.52,0.6547999999999999,0.7690057072776635,0.84,0.2,0.06,0.06923437118530273,ok
controlled_500,real_only,XGB,0,225,75,100,25,25,0.01,0.6410256410256411,0.8928571428571429,0.5,0.735,0.75,1.0,0.0,0.06,0.18973612785339355,ok
controlled_500,real_only,HGB,1,225,75,100,25,25,0.01,0.6666666666666666,1.0,0.5,0.75,0.75,1.0,0.0,0.0,0.2890191078186035,ok
controlled_500,real_only,RF,1,225,75,100,25,25,0.23,0.6753246753246753,0.9629629629629629,0.52,0.8778,0.8890228227981593,1.0,0.04,0.02,0.17833304405212402,ok
controlled_500,real_only,LR,1,225,75,100,25,25,0.3,0.7294117647058823,0.8857142857142857,0.62,0.7724,0.8488182236488495,0.92,0.32,0.08,0.053038835525512695,ok
controlled_500,real_only,kNN,1,225,75,100,25,25,0.41000000000000003,0.6506024096385542,0.8181818181818182,0.54,0.8236000000000001,0.8188714686909759,0.88,0.2,0.12,0.05045795440673828,ok
controlled_500,real_only,MLP,1,225,75,100,25,25,0.51,0.6428571428571429,0.7941176470588235,0.54,0.6784000000000001,0.7175254439342393,0.92,0.16,0.14,0.06485986709594727,ok
controlled_500,real_only,XGB,1,225,75,100,25,25,0.01,0.6666666666666666,1.0,0.5,0.75,0.75,1.0,0.0,0.0,0.18093109130859375,ok
controlled_500,real_only,HGB,2,225,75,100,25,25,0.01,0.6666666666666666,1.0,0.5,0.75,0.75,1.0,0.0,0.0,0.2542099952697754,ok
controlled_500,real_only,RF,2,225,75,100,25,25,0.26,0.6578947368421053,0.9615384615384616,0.5,0.89,0.9023059250281473,1.0,0.0,0.02,0.17662882804870605,ok
controlled_500,real_only,LR,2,225,75,100,25,25,0.47000000000000003,0.7088607594936709,0.9655172413793104,0.56,0.6784,0.8026721686056488,0.96,0.16,0.02,0.051712751388549805,ok
controlled_500,real_only,kNN,2,225,75,100,25,25,0.61,0.6027397260273972,0.9565217391304348,0.44,0.8392,0.8222992071534185,0.8,0.08,0.02,0.04850196838378906,ok
controlled_500,real_only,MLP,2,225,75,100,25,25,0.48000000000000004,0.6233766233766234,0.8888888888888888,0.48,0.6819999999999999,0.7501420829142005,0.84,0.12,0.06,0.06876301765441895,ok
controlled_500,real_only,XGB,2,225,75,100,25,25,0.01,0.6666666666666666,1.0,0.5,0.75,0.75,1.0,0.0,0.0,0.18578696250915527,ok
controlled_500,real_only,HGB,3,225,75,100,25,25,0.01,0.6666666666666666,1.0,0.5,0.75,0.75,1.0,0.0,0.0,0.24642610549926758,ok
controlled_500,real_only,RF,3,225,75,100,25,25,0.14,0.7228915662650602,0.9090909090909091,0.6,0.9052,0.9145849973752178,1.0,0.2,0.06,0.17079401016235352,ok
controlled_500,real_only,LR,3,225,75,100,25,25,0.22,0.7472527472527473,0.8292682926829268,0.68,0.8099999999999999,0.8703710942031666,1.0,0.36,0.14,0.051889896392822266,ok
controlled_500,real_only,kNN,3,225,75,100,25,25,0.21000000000000002,0.717391304347826,0.7857142857142857,0.66,0.8144,0.7729939320641408,0.84,0.48,0.18,0.05078387260437012,ok
controlled_500,real_only,MLP,3,225,75,100,25,25,0.41000000000000003,0.5925925925925926,0.7741935483870968,0.48,0.6496,0.7487915042913669,0.6,0.36,0.14,0.06525230407714844,ok
controlled_500,real_only,XGB,3,225,75,100,25,25,0.01,0.6578947368421053,0.9615384615384616,0.5,0.745,0.75,1.0,0.0,0.02,0.18339300155639648,ok
controlled_500,real_only,HGB,4,225,75,100,25,25,0.01,0.6666666666666666,1.0,0.5,0.75,0.75,1.0,0.0,0.0,0.27491211891174316,ok
controlled_500,real_only,RF,4,225,75,100,25,25,0.22,0.6666666666666666,1.0,0.5,0.9078,0.9128202926909939,1.0,0.0,0.0,0.17592191696166992,ok
controlled_500,real_only,LR,4,225,75,100,25,25,0.92,0.6486486486486487,1.0,0.48,0.7312000000000001,0.8265774383527051,0.96,0.0,0.0,0.051303863525390625,ok
controlled_500,real_only,kNN,4,225,75,100,25,25,0.61,0.64,0.96,0.48,0.925,0.9116332492150026,0.92,0.04,0.02,0.0521540641784668,ok
controlled_500,real_only,MLP,4,225,75,100,25,25,0.19,0.7115384615384616,0.6851851851851852,0.74,0.7756000000000001,0.8289561732283302,0.96,0.52,0.34,0.0641777515411377,ok
controlled_500,real_only,XGB,4,225,75,100,25,25,0.01,0.6578947368421053,0.9615384615384616,0.5,0.745,0.75,1.0,0.0,0.02,0.18782496452331543,ok
controlled_500,real_only,HGB,5,225,75,100,25,25,0.01,0.6578947368421053,0.9615384615384616,0.5,0.74,0.7307692307692308,1.0,0.0,0.02,0.28777289390563965,ok
controlled_500,real_only,RF,5,225,75,100,25,25,0.21000000000000002,0.6578947368421053,0.9615384615384616,0.5,0.8767999999999999,0.8952490485606805,1.0,0.0,0.02,0.1939709186553955,ok
controlled_500,real_only,LR,5,225,75,100,25,25,0.11,0.6923076923076923,0.9642857142857143,0.54,0.6608,0.7917289504964417,1.0,0.08,0.02,0.047425031661987305,ok
controlled_500,real_only,kNN,5,225,75,100,25,25,0.61,0.5428571428571428,0.95,0.38,0.8078,0.811766081871345,0.68,0.08,0.02,0.05179286003112793,ok
controlled_500,real_only,MLP,5,225,75,100,25,25,0.35000000000000003,0.5974025974025974,0.8518518518518519,0.46,0.6332000000000001,0.7548309840068126,0.8,0.12,0.08,0.06680011749267578,ok
controlled_500,real_only,XGB,5,225,75,100,25,25,0.01,0.6578947368421053,0.9615384615384616,0.5,0.745,0.75,1.0,0.0,0.02,0.18235301971435547,ok
controlled_500,real_only,HGB,6,225,75,100,25,25,0.01,0.6666666666666666,1.0,0.5,0.75,0.75,1.0,0.0,0.0,0.253403902053833,ok
controlled_500,real_only,RF,6,225,75,100,25,25,0.28,0.6666666666666666,1.0,0.5,0.8744,0.8962416463618166,1.0,0.0,0.0,0.1726241111755371,ok
controlled_500,real_only,LR,6,225,75,100,25,25,0.03,0.6666666666666666,0.75,0.6,0.7256,0.8210188771390761,1.0,0.2,0.2,0.05220508575439453,ok
controlled_500,real_only,kNN,6,225,75,100,25,25,0.41000000000000003,0.6835443037974683,0.9310344827586207,0.54,0.8533999999999999,0.8536932849364791,0.92,0.16,0.04,0.05004596710205078,ok
controlled_500,real_only,MLP,6,225,75,100,25,25,0.39,0.7526881720430108,0.813953488372093,0.7,0.7724000000000001,0.8228725095401542,0.92,0.48,0.16,0.06609892845153809,ok
controlled_500,real_only,XGB,6,225,75,100,25,25,0.01,0.6666666666666666,1.0,0.5,0.75,0.75,1.0,0.0,0.0,0.1887049674987793,ok
controlled_500,real_only,HGB,7,225,75,100,25,25,0.01,0.6578947368421053,0.9615384615384616,0.5,0.74,0.7307692307692308,1.0,0.0,0.02,0.2674081325531006,ok
controlled_500,real_only,RF,7,225,75,100,25,25,0.47000000000000003,0.6666666666666666,1.0,0.5,0.8842,0.8931487574892938,1.0,0.0,0.0,0.17228174209594727,ok
controlled_500,real_only,LR,7,225,75,100,25,25,0.23,0.6987951807228916,0.8787878787878788,0.58,0.7112,0.7893238339544105,1.0,0.16,0.08,0.051431894302368164,ok
controlled_500,real_only,kNN,7,225,75,100,25,25,0.41000000000000003,0.7380952380952381,0.9117647058823529,0.62,0.8763999999999998,0.8725121359623793,0.92,0.32,0.06,0.04905509948730469,ok
controlled_500,real_only,MLP,7,225,75,100,25,25,0.4,0.6666666666666666,0.7837837837837838,0.58,0.6648,0.7607290375667419,1.0,0.16,0.16,0.06697797775268555,ok
controlled_500,real_only,XGB,7,225,75,100,25,25,0.03,0.6666666666666666,1.0,0.5,0.74,0.75,1.0,0.0,0.0,0.1864910125732422,ok
controlled_500,real_only,HGB,8,225,75,100,25,25,0.01,0.6666666666666666,1.0,0.5,0.75,0.75,1.0,0.0,0.0,0.2516181468963623,ok
controlled_500,real_only,RF,8,225,75,100,25,25,0.31,0.6666666666666666,1.0,0.5,0.9418,0.945791879548253,1.0,0.0,0.0,0.17921686172485352,ok
controlled_500,real_only,LR,8,225,75,100,25,25,0.17,0.6419753086419753,0.8387096774193549,0.52,0.7619999999999999,0.8302726163446661,1.0,0.04,0.1,0.05235099792480469,ok
controlled_500,real_only,kNN,8,225,75,100,25,25,0.21000000000000002,0.6813186813186813,0.7560975609756098,0.62,0.7716,0.7680010950721752,0.96,0.28,0.2,0.05221915245056152,ok
controlled_500,real_only,MLP,8,225,75,100,25,25,0.37,0.7126436781609196,0.8378378378378378,0.62,0.7456,0.8060333714336123,0.84,0.4,0.12,0.06554126739501953,ok
controlled_500,real_only,XGB,8,225,75,100,25,25,0.01,0.6666666666666666,1.0,0.5,0.75,0.75,1.0,0.0,0.0,0.20626306533813477,ok
controlled_500,real_only,HGB,9,225,75,100,25,25,0.01,0.6578947368421053,0.9615384615384616,0.5,0.74,0.7307692307692308,1.0,0.0,0.02,0.3814530372619629,ok
controlled_500,real_only,RF,9,225,75,100,25,25,0.37,0.6493506493506493,0.9259259259259259,0.5,0.8556,0.8771103728929384,1.0,0.0,0.04,0.189802885055542,ok
controlled_500,real_only,LR,9,225,75,100,25,25,0.51,0.6666666666666666,1.0,0.5,0.6691999999999999,0.7917104159426611,0.96,0.04,0.0,0.051812171936035156,ok
controlled_500,real_only,kNN,9,225,75,100,25,25,0.61,0.6027397260273972,0.9565217391304348,0.44,0.7804,0.7757025758375873,0.8,0.08,0.02,0.05244803428649902,ok
controlled_500,real_only,MLP,9,225,75,100,25,25,0.53,0.45454545454545453,0.9375,0.3,0.5928,0.7296723597837025,0.52,0.08,0.02,0.0638582706451416,ok
controlled_500,real_only,XGB,9,225,75,100,25,25,0.04,0.6666666666666666,1.0,0.5,0.7138,0.7609756097560976,1.0,0.0,0.0,0.18280410766601562,ok
balanced_detection,synthetic_only,HGB,0,1417,346,494,66,181,0.09,0.8461538461538461,0.958974358974359,0.757085020242915,0.8838695930108672,0.9243383326275725,0.12121212121212122,0.988950276243094,0.032388663967611336,3.090049982070923,ok
balanced_detection,synthetic_only,RF,0,1417,346,494,66,181,0.51,0.8486238532110092,0.9788359788359788,0.7489878542510121,0.9231424871740236,0.9423917776912124,0.15151515151515152,0.9668508287292817,0.016194331983805668,0.37604808807373047,ok
balanced_detection,synthetic_only,LR,0,1417,346,494,66,181,0.25,0.8137931034482758,0.9414893617021277,0.7165991902834008,0.8325984690783327,0.8894087775601311,0.030303030303030304,0.9668508287292817,0.044534412955465584,0.059413909912109375,ok
balanced_detection,synthetic_only,kNN,0,1417,346,494,66,181,0.21000000000000002,0.7870370370370371,0.918918918918919,0.6882591093117408,0.8417528561359799,0.8592035266924019,0.015151515151515152,0.9337016574585635,0.06072874493927125,0.0607151985168457,ok
balanced_detection,synthetic_only,MLP,0,1417,346,494,66,181,0.29000000000000004,0.8186046511627907,0.9617486338797814,0.7125506072874493,0.8083889262239997,0.8784212738667666,0.015151515151515152,0.9668508287292817,0.02834008097165992,0.11721014976501465,ok
balanced_detection,synthetic_only,XGB,0,1417,346,494,66,181,0.32,0.8294930875576036,0.9625668449197861,0.728744939271255,0.8695274467701486,0.916239353752492,0.07575757575757576,0.9668508287292817,0.02834008097165992,0.6491489410400391,ok
balanced_detection,synthetic_only,HGB,1,1417,346,494,66,181,0.09,0.8461538461538461,0.958974358974359,0.757085020242915,0.8838695930108672,0.9243383326275725,0.12121212121212122,0.988950276243094,0.032388663967611336,2.360793113708496,ok
balanced_detection,synthetic_only,RF,1,1417,346,494,66,181,0.41000000000000003,0.8449438202247191,0.9494949494949495,0.7611336032388664,0.9267403170024096,0.943882644835737,0.18181818181818182,0.9723756906077348,0.04048582995951417,0.3008899688720703,ok
balanced_detection,synthetic_only,LR,1,1417,346,494,66,181,0.25,0.8137931034482758,0.9414893617021277,0.7165991902834008,0.8325984690783327,0.8894087775601311,0.030303030303030304,0.9668508287292817,0.044534412955465584,0.05681777000427246,ok
balanced_detection,synthetic_only,kNN,1,1417,346,494,66,181,0.21000000000000002,0.7870370370370371,0.918918918918919,0.6882591093117408,0.8417528561359799,0.8592035266924019,0.015151515151515152,0.9337016574585635,0.06072874493927125,0.0590817928314209,ok
balanced_detection,synthetic_only,MLP,1,1417,346,494,66,181,0.22,0.7792792792792793,0.8781725888324873,0.7004048582995951,0.820354373944828,0.8809630447323588,0.015151515151515152,0.9502762430939227,0.09716599190283401,0.1029517650604248,ok
balanced_detection,synthetic_only,XGB,1,1417,346,494,66,181,0.54,0.8262910798122066,0.9832402234636871,0.7125506072874493,0.8708387287121573,0.9175213140152417,0.030303030303030304,0.9613259668508287,0.012145748987854251,0.5558440685272217,ok
balanced_detection,synthetic_only,HGB,2,1417,346,494,66,181,0.09,0.8461538461538461,0.958974358974359,0.757085020242915,0.8838695930108672,0.9243383326275725,0.12121212121212122,0.988950276243094,0.032388663967611336,1.770425796508789,ok
balanced_detection,synthetic_only,RF,2,1417,346,494,66,181,0.47000000000000003,0.8428246013667426,0.9635416666666666,0.7489878542510121,0.9230933141011982,0.9427241661955214,0.15151515151515152,0.9668508287292817,0.02834008097165992,0.3292510509490967,ok
balanced_detection,synthetic_only,LR,2,1417,346,494,66,181,0.25,0.8137931034482758,0.9414893617021277,0.7165991902834008,0.8325984690783327,0.8894087775601311,0.030303030303030304,0.9668508287292817,0.044534412955465584,0.06049799919128418,ok
balanced_detection,synthetic_only,kNN,2,1417,346,494,66,181,0.21000000000000002,0.7870370370370371,0.918918918918919,0.6882591093117408,0.8417528561359799,0.8592035266924019,0.015151515151515152,0.9337016574585635,0.06072874493927125,0.06400108337402344,ok
balanced_detection,synthetic_only,MLP,2,1417,346,494,66,181,0.31,0.7981651376146789,0.9206349206349206,0.7044534412955465,0.7936042223278532,0.8687420401047781,0.015151515151515152,0.9558011049723757,0.06072874493927125,0.09706807136535645,ok
balanced_detection,synthetic_only,XGB,2,1417,346,494,66,181,0.36000000000000004,0.8287037037037037,0.9675675675675676,0.7246963562753036,0.8724286580668427,0.9177834517497728,0.06060606060606061,0.9668508287292817,0.024291497975708502,0.5627126693725586,ok
balanced_detection,synthetic_only,HGB,3,1417,346,494,66,181,0.09,0.8461538461538461,0.958974358974359,0.757085020242915,0.8838695930108672,0.9243383326275725,0.12121212121212122,0.988950276243094,0.032388663967611336,2.0052690505981445,ok
balanced_detection,synthetic_only,RF,3,1417,346,494,66,181,0.48000000000000004,0.8413793103448276,0.973404255319149,0.7408906882591093,0.9309200281925618,0.946052116797046,0.12121212121212122,0.9668508287292817,0.020242914979757085,0.2988722324371338,ok
balanced_detection,synthetic_only,LR,3,1417,346,494,66,181,0.25,0.8137931034482758,0.9414893617021277,0.7165991902834008,0.8325984690783327,0.8894087775601311,0.030303030303030304,0.9668508287292817,0.044534412955465584,0.05686306953430176,ok
balanced_detection,synthetic_only,kNN,3,1417,346,494,66,181,0.21000000000000002,0.7870370370370371,0.918918918918919,0.6882591093117408,0.8417528561359799,0.8592035266924019,0.015151515151515152,0.9337016574585635,0.06072874493927125,0.061592817306518555,ok
balanced_detection,synthetic_only,MLP,3,1417,346,494,66,181,0.31,0.7891156462585034,0.8969072164948454,0.7044534412955465,0.8430559425658509,0.8898714307351308,0.015151515151515152,0.9558011049723757,0.08097165991902834,0.09936308860778809,ok
balanced_detection,synthetic_only,XGB,3,1417,346,494,66,181,0.35000000000000003,0.8287037037037037,0.9675675675675676,0.7246963562753036,0.873428510547624,0.9184192577093664,0.06060606060606061,0.9668508287292817,0.024291497975708502,0.5563359260559082,ok
balanced_detection,synthetic_only,HGB,4,1417,346,494,66,181,0.09,0.8461538461538461,0.958974358974359,0.757085020242915,0.8838695930108672,0.9243383326275725,0.12121212121212122,0.988950276243094,0.032388663967611336,2.117006778717041,ok
balanced_detection,synthetic_only,RF,4,1417,346,494,66,181,0.48000000000000004,0.8440366972477065,0.9735449735449735,0.7449392712550608,0.9241915127276304,0.9433772618998092,0.13636363636363635,0.9668508287292817,0.020242914979757085,0.30426502227783203,ok
balanced_detection,synthetic_only,LR,4,1417,346,494,66,181,0.25,0.8137931034482758,0.9414893617021277,0.7165991902834008,0.8325984690783327,0.8894087775601311,0.030303030303030304,0.9668508287292817,0.044534412955465584,0.0568540096282959,ok
balanced_detection,synthetic_only,kNN,4,1417,346,494,66,181,0.21000000000000002,0.7870370370370371,0.918918918918919,0.6882591093117408,0.8417528561359799,0.8592035266924019,0.015151515151515152,0.9337016574585635,0.06072874493927125,0.06314802169799805,ok
balanced_detection,synthetic_only,MLP,4,1417,346,494,66,181,0.33,0.8120649651972158,0.9510869565217391,0.708502024291498,0.8035699650871183,0.8737515728027719,0.015151515151515152,0.9613259668508287,0.03643724696356275,0.10761690139770508,ok
balanced_detection,synthetic_only,XGB,4,1417,346,494,66,181,0.13,0.8385650224215246,0.9396984924623115,0.757085020242915,0.8727236965037944,0.9171231456362201,0.13636363636363635,0.9834254143646409,0.048582995951417005,0.5589916706085205,ok
balanced_detection,synthetic_only,HGB,5,1417,346,494,66,181,0.09,0.8461538461538461,0.958974358974359,0.757085020242915,0.8838695930108672,0.9243383326275725,0.12121212121212122,0.988950276243094,0.032388663967611336,2.1195690631866455,ok
balanced_detection,synthetic_only,RF,5,1417,346,494,66,181,0.44,0.8390022675736961,0.9536082474226805,0.7489878542510121,0.9249291088200102,0.9421365957246097,0.15151515151515152,0.9668508287292817,0.03643724696356275,0.29628515243530273,ok
balanced_detection,synthetic_only,LR,5,1417,346,494,66,181,0.25,0.8137931034482758,0.9414893617021277,0.7165991902834008,0.8325984690783327,0.8894087775601311,0.030303030303030304,0.9668508287292817,0.044534412955465584,0.057108163833618164,ok
balanced_detection,synthetic_only,kNN,5,1417,346,494,66,181,0.21000000000000002,0.7870370370370371,0.918918918918919,0.6882591093117408,0.8417528561359799,0.8592035266924019,0.015151515151515152,0.9337016574585635,0.06072874493927125,0.059252262115478516,ok
balanced_detection,synthetic_only,MLP,5,1417,346,494,66,181,0.37,0.8101851851851852,0.9459459459459459,0.708502024291498,0.8024225933878607,0.8747054279099911,0.015151515151515152,0.9613259668508287,0.04048582995951417,0.1104440689086914,ok
balanced_detection,synthetic_only,XGB,5,1417,346,494,66,181,0.5,0.8271028037383178,0.9779005524861878,0.7165991902834008,0.8760674654559163,0.9201634152284826,0.045454545454545456,0.9613259668508287,0.016194331983805668,0.5638911724090576,ok
balanced_detection,synthetic_only,HGB,6,1417,346,494,66,181,0.09,0.8461538461538461,0.958974358974359,0.757085020242915,0.8838695930108672,0.9243383326275725,0.12121212121212122,0.988950276243094,0.032388663967611336,2.1611697673797607,ok
balanced_detection,synthetic_only,RF,6,1417,346,494,66,181,0.4,0.8520971302428256,0.9368932038834952,0.7813765182186235,0.9233063974167746,0.9427350163463931,0.25757575757575757,0.9723756906077348,0.05263157894736842,0.3567960262298584,ok
balanced_detection,synthetic_only,LR,6,1417,346,494,66,181,0.25,0.8137931034482758,0.9414893617021277,0.7165991902834008,0.8325984690783327,0.8894087775601311,0.030303030303030304,0.9668508287292817,0.044534412955465584,0.05769515037536621,ok
balanced_detection,synthetic_only,kNN,6,1417,346,494,66,181,0.21000000000000002,0.7870370370370371,0.918918918918919,0.6882591093117408,0.8417528561359799,0.8592035266924019,0.015151515151515152,0.9337016574585635,0.06072874493927125,0.061398983001708984,ok
balanced_detection,synthetic_only,MLP,6,1417,346,494,66,181,0.26,0.8074245939675174,0.9456521739130435,0.7044534412955465,0.7972266386926519,0.8740358362295405,0.015151515151515152,0.9558011049723757,0.04048582995951417,0.14995265007019043,ok
balanced_detection,synthetic_only,XGB,6,1417,346,494,66,181,0.31,0.8259860788863109,0.967391304347826,0.7206477732793523,0.8760838564801915,0.9193814151833765,0.045454545454545456,0.9668508287292817,0.024291497975708502,0.6322898864746094,ok
balanced_detection,synthetic_only,HGB,7,1417,346,494,66,181,0.09,0.8461538461538461,0.958974358974359,0.757085020242915,0.8838695930108672,0.9243383326275725,0.12121212121212122,0.988950276243094,0.032388663967611336,2.082610845565796,ok
balanced_detection,synthetic_only,RF,7,1417,346,494,66,181,0.44,0.8468468468468469,0.9543147208121827,0.7611336032388664,0.9241341441426674,0.9427712682173206,0.18181818181818182,0.9723756906077348,0.03643724696356275,0.3082149028778076,ok
balanced_detection,synthetic_only,LR,7,1417,346,494,66,181,0.25,0.8137931034482758,0.9414893617021277,0.7165991902834008,0.8325984690783327,0.8894087775601311,0.030303030303030304,0.9668508287292817,0.044534412955465584,0.05655312538146973,ok
balanced_detection,synthetic_only,kNN,7,1417,346,494,66,181,0.21000000000000002,0.7870370370370371,0.918918918918919,0.6882591093117408,0.8417528561359799,0.8592035266924019,0.015151515151515152,0.9337016574585635,0.06072874493927125,0.06004905700683594,ok
balanced_detection,synthetic_only,MLP,7,1417,346,494,66,181,0.24000000000000002,0.7855530474040632,0.8877551020408163,0.7044534412955465,0.8006359717418742,0.8756201694047102,0.015151515151515152,0.9558011049723757,0.08906882591093117,0.10804367065429688,ok
balanced_detection,synthetic_only,XGB,7,1417,346,494,66,181,0.16,0.8468468468468469,0.9543147208121827,0.7611336032388664,0.876788670524021,0.9197891493252998,0.15151515151515152,0.9834254143646409,0.03643724696356275,0.5410239696502686,ok
balanced_detection,synthetic_only,HGB,8,1417,346,494,66,181,0.09,0.8461538461538461,0.958974358974359,0.757085020242915,0.8838695930108672,0.9243383326275725,0.12121212121212122,0.988950276243094,0.032388663967611336,2.1008331775665283,ok
balanced_detection,synthetic_only,RF,8,1417,346,494,66,181,0.47000000000000003,0.8409090909090909,0.9585492227979274,0.7489878542510121,0.9260273074464423,0.9440669520907434,0.15151515151515152,0.9668508287292817,0.032388663967611336,0.2991039752960205,ok
balanced_detection,synthetic_only,LR,8,1417,346,494,66,181,0.25,0.8137931034482758,0.9414893617021277,0.7165991902834008,0.8325984690783327,0.8894087775601311,0.030303030303030304,0.9668508287292817,0.044534412955465584,0.05799388885498047,ok
balanced_detection,synthetic_only,kNN,8,1417,346,494,66,181,0.21000000000000002,0.7870370370370371,0.918918918918919,0.6882591093117408,0.8417528561359799,0.8592035266924019,0.015151515151515152,0.9337016574585635,0.06072874493927125,0.06281805038452148,ok
balanced_detection,synthetic_only,MLP,8,1417,346,494,66,181,0.4,0.8169014084507042,0.9720670391061452,0.7044534412955465,0.8323853857627562,0.8885690292145817,0.015151515151515152,0.9558011049723757,0.020242914979757085,0.11403179168701172,ok
balanced_detection,synthetic_only,XGB,8,1417,346,494,66,181,0.27,0.8401826484018264,0.9633507853403142,0.7449392712550608,0.8794767985051385,0.9215181926121996,0.13636363636363635,0.9668508287292817,0.02834008097165992,0.5508511066436768,ok
balanced_detection,synthetic_only,HGB,9,1417,346,494,66,181,0.09,0.8461538461538461,0.958974358974359,0.757085020242915,0.8838695930108672,0.9243383326275725,0.12121212121212122,0.988950276243094,0.032388663967611336,2.262906789779663,ok
balanced_detection,synthetic_only,RF,9,1417,346,494,66,181,0.45,0.8435374149659864,0.9587628865979382,0.7530364372469636,0.9212903014309364,0.9412162088193922,0.16666666666666666,0.9668508287292817,0.032388663967611336,0.3407328128814697,ok
balanced_detection,synthetic_only,LR,9,1417,346,494,66,181,0.25,0.8137931034482758,0.9414893617021277,0.7165991902834008,0.8325984690783327,0.8894087775601311,0.030303030303030304,0.9668508287292817,0.044534412955465584,0.05719184875488281,ok
balanced_detection,synthetic_only,kNN,9,1417,346,494,66,181,0.21000000000000002,0.7870370370370371,0.918918918918919,0.6882591093117408,0.8417528561359799,0.8592035266924019,0.015151515151515152,0.9337016574585635,0.06072874493927125,0.060379981994628906,ok
balanced_detection,synthetic_only,MLP,9,1417,346,494,66,181,0.23,0.7927927927927928,0.8934010152284264,0.7125506072874493,0.7977675424937304,0.8731107903469827,0.015151515151515152,0.9668508287292817,0.08502024291497975,0.1051027774810791,ok
balanced_detection,synthetic_only,XGB,9,1417,346,494,66,181,0.09,0.8418708240534521,0.9356435643564357,0.7651821862348178,0.8739858053729778,0.9192816705136514,0.16666666666666666,0.9834254143646409,0.05263157894736842,0.5484368801116943,ok
fullscale,synthetic_only,HGB,0,22855,2535,6400,69,178,0.04,0.8,0.9550561797752809,0.6882591093117408,0.8646777747729787,0.751923042384188,0.0,0.9550561797752809,0.001300178774581505,1.2599139213562012,ok
fullscale,synthetic_only,RF,0,22855,2535,6400,69,178,0.26,0.8,0.9710982658959537,0.680161943319838,0.8984695922005066,0.7657761339411845,0.0,0.9438202247191011,0.0008126117341134406,9.2948739528656,ok
fullscale,synthetic_only,LR,0,22855,2535,6400,69,178,0.17,0.7952941176470588,0.949438202247191,0.6842105263157895,0.8478014411192065,0.7359183158908488,0.0,0.949438202247191,0.0014627011214041932,0.1537489891052246,ok
fullscale,synthetic_only,kNN,0,22855,2535,6400,69,178,0.21000000000000002,0.7623762376237624,0.9808917197452229,0.6234817813765182,0.8349552668755112,0.6749965842791871,0.0,0.8651685393258427,0.00048756704046806434,0.41965579986572266,ok
fullscale,synthetic_only,MLP,0,22855,2535,6400,69,178,0.24000000000000002,0.8028169014084507,0.9553072625698324,0.6923076923076923,0.8554176199227392,0.7411472346738329,0.0,0.9606741573033708,0.001300178774581505,0.6536159515380859,ok
fullscale,synthetic_only,XGB,0,22855,2535,6400,69,178,0.03,0.8171021377672208,0.9885057471264368,0.6963562753036437,0.8296903982192287,0.7492055658100231,0.0,0.9662921348314607,0.00032504469364537625,1.629667043685913,ok
fullscale,synthetic_only,HGB,1,22849,2541,6400,69,178,0.060000000000000005,0.8096385542168675,1.0,0.680161943319838,0.8836787426692223,0.7552570513448783,0.0,0.9438202247191011,0.0,1.5103049278259277,ok
fullscale,synthetic_only,RF,1,22849,2541,6400,69,178,0.32,0.7942583732057417,0.9707602339181286,0.6720647773279352,0.888969601741292,0.7595287009172155,0.0,0.9325842696629213,0.0008126117341134406,9.091845035552979,ok
fullscale,synthetic_only,LR,1,22849,2541,6400,69,178,0.45,0.7834549878345499,0.9817073170731707,0.6518218623481782,0.8372361726053122,0.7353583560213676,0.0,0.9044943820224719,0.00048756704046806434,0.1457970142364502,ok
fullscale,synthetic_only,kNN,1,22849,2541,6400,69,178,0.21000000000000002,0.7684729064039408,0.9811320754716981,0.631578947368421,0.8389337744466179,0.6821325679738327,0.0,0.8764044943820225,0.00048756704046806434,0.4083530902862549,ok
fullscale,synthetic_only,MLP,1,22849,2541,6400,69,178,0.13,0.7926267281105991,0.9197860962566845,0.6963562753036437,0.8570856124296038,0.7354754068443023,0.0,0.9662921348314607,0.0024378352023403218,0.6894199848175049,ok
fullscale,synthetic_only,XGB,1,22849,2541,6400,69,178,0.14,0.8181818181818182,1.0,0.6923076923076923,0.8151166838071815,0.7478521409895998,0.0,0.9606741573033708,0.0,1.4145705699920654,ok
fullscale,synthetic_only,HGB,2,22849,2541,6400,69,178,0.02,0.8188235294117647,0.9775280898876404,0.7044534412955465,0.8934320574342131,0.768271324369496,0.014492753623188406,0.9719101123595506,0.0006500893872907525,1.3304920196533203,ok
fullscale,synthetic_only,RF,2,22849,2541,6400,69,178,0.27,0.7933491686460807,0.9597701149425287,0.6761133603238867,0.90836799270426,0.7648606205203662,0.0,0.9382022471910112,0.0011376564277588168,9.065016031265259,ok
fullscale,synthetic_only,LR,2,22849,2541,6400,69,178,0.15000000000000002,0.7935034802784223,0.9293478260869565,0.6923076923076923,0.8407958725903759,0.734880545782802,0.0,0.9606741573033708,0.0021127905086949453,0.16135692596435547,ok
fullscale,synthetic_only,kNN,2,22849,2541,6400,69,178,0.01,0.7699316628701595,0.8802083333333334,0.6842105263157895,0.8413854273383642,0.6888607489543427,0.0,0.949438202247191,0.003738013976921827,0.4125099182128906,ok
fullscale,synthetic_only,MLP,2,22849,2541,6400,69,178,0.29000000000000004,0.8094117647058824,0.9662921348314607,0.6963562753036437,0.8593543454330235,0.7469562999733667,0.0,0.9662921348314607,0.0009751340809361287,0.6998701095581055,ok
fullscale,synthetic_only,XGB,2,22849,2541,6400,69,178,0.02,0.819672131147541,0.9722222222222222,0.708502024291498,0.8221551515965024,0.7545800173128944,0.014492753623188406,0.9775280898876404,0.0008126117341134406,1.4067471027374268,ok
fullscale,synthetic_only,HGB,3,22851,2539,6400,69,178,0.03,0.817966903073286,0.9829545454545454,0.7004048582995951,0.895819227775398,0.767505390331919,0.0,0.9719101123595506,0.00048756704046806434,1.2140657901763916,ok
fullscale,synthetic_only,RF,3,22851,2539,6400,69,178,0.23,0.8047058823529412,0.9606741573033708,0.6923076923076923,0.9010179689180946,0.7642749743001773,0.0,0.9606741573033708,0.0011376564277588168,8.890239953994751,ok
fullscale,synthetic_only,LR,3,22851,2539,6400,69,178,0.21000000000000002,0.7952941176470588,0.949438202247191,0.6842105263157895,0.8436002055545795,0.7358363962804622,0.0,0.949438202247191,0.0014627011214041932,0.15222978591918945,ok
fullscale,synthetic_only,kNN,3,22851,2539,6400,69,178,0.21000000000000002,0.7574257425742574,0.9745222929936306,0.6194331983805668,0.8369910731146586,0.6776299865079173,0.0,0.8595505617977528,0.0006500893872907525,0.39574313163757324,ok
fullscale,synthetic_only,MLP,3,22851,2539,6400,69,178,0.73,0.8066825775656324,0.9825581395348837,0.6842105263157895,0.872258093382577,0.7432006605030763,0.0,0.949438202247191,0.00048756704046806434,0.7830548286437988,ok
fullscale,synthetic_only,XGB,3,22851,2539,6400,69,178,0.060000000000000005,0.8123515439429929,0.9827586206896551,0.6923076923076923,0.8370144315896068,0.7534564444050837,0.0,0.9606741573033708,0.00048756704046806434,1.4423000812530518,ok
fullscale,synthetic_only,HGB,4,22854,2536,6400,69,178,0.09,0.8133971291866029,0.9941520467836257,0.6882591093117408,0.888327079183914,0.7654057970395228,0.0,0.9550561797752809,0.00016252234682268812,2.5219321250915527,ok
fullscale,synthetic_only,RF,4,22854,2536,6400,69,178,0.19,0.7990654205607477,0.9447513812154696,0.6923076923076923,0.9058423164764102,0.7670235263463621,0.0,0.9606741573033708,0.0016252234682268812,9.570434093475342,ok
fullscale,synthetic_only,LR,4,22854,2536,6400,69,178,0.31,0.7933491686460807,0.9597701149425287,0.6761133603238867,0.8416795467271487,0.7370332018542146,0.0,0.9382022471910112,0.0011376564277588168,0.15742111206054688,ok
fullscale,synthetic_only,kNN,4,22854,2536,6400,69,178,0.21000000000000002,0.7714987714987716,0.98125,0.6356275303643725,0.839033459205904,0.6832584014277645,0.0,0.8820224719101124,0.00048756704046806434,0.39866089820861816,ok
fullscale,synthetic_only,MLP,4,22854,2536,6400,69,178,0.31,0.789598108747045,0.9488636363636364,0.6761133603238867,0.859558320848064,0.7392704627401683,0.0,0.9382022471910112,0.0014627011214041932,0.5890181064605713,ok
fullscale,synthetic_only,XGB,4,22854,2536,6400,69,178,0.02,0.8160377358490566,0.9774011299435028,0.7004048582995951,0.8219913132792602,0.7475942628704333,0.0,0.9719101123595506,0.0006500893872907525,1.4029698371887207,ok
fullscale,synthetic_only,HGB,5,22848,2542,6400,69,178,0.02,0.819047619047619,0.9942196531791907,0.6963562753036437,0.8790761361266122,0.7615052826962826,0.0,0.9662921348314607,0.00016252234682268812,2.3492379188537598,ok
fullscale,synthetic_only,RF,5,22848,2542,6400,69,178,0.35000000000000003,0.7961630695443646,0.9764705882352941,0.6720647773279352,0.9229269024490868,0.7732528000850121,0.0,0.9325842696629213,0.0006500893872907525,10.354940176010132,ok
fullscale,synthetic_only,LR,5,22848,2542,6400,69,178,0.47000000000000003,0.7864077669902912,0.9818181818181818,0.6558704453441295,0.8436146812291954,0.7384466433416328,0.0,0.9101123595505618,0.00048756704046806434,0.18785619735717773,ok
fullscale,synthetic_only,kNN,5,22848,2542,6400,69,178,0.21000000000000002,0.7703703703703704,0.9873417721518988,0.631578947368421,0.8390022049084379,0.6828666486015416,0.0,0.8764044943820225,0.00032504469364537625,0.482280969619751,ok
fullscale,synthetic_only,MLP,5,22848,2542,6400,69,178,0.15000000000000002,0.7925407925407926,0.9340659340659341,0.6882591093117408,0.8669521006506816,0.7382824244304145,0.0,0.9550561797752809,0.0019502681618722574,0.8936529159545898,ok
fullscale,synthetic_only,XGB,5,22848,2542,6400,69,178,0.060000000000000005,0.8181818181818182,1.0,0.6923076923076923,0.8343640671644983,0.75074963007553,0.0,0.9606741573033708,0.0,1.4587359428405762,ok
fullscale,synthetic_only,HGB,6,22861,2529,6400,69,178,0.14,0.8105515587529976,0.9941176470588236,0.6842105263157895,0.8902664905898245,0.7658106271723133,0.0,0.949438202247191,0.00016252234682268812,2.0502309799194336,ok
fullscale,synthetic_only,RF,6,22861,2529,6400,69,178,0.33,0.7942583732057417,0.9707602339181286,0.6720647773279352,0.9036370790457371,0.7630312538764566,0.0,0.9325842696629213,0.0008126117341134406,10.784520864486694,ok
fullscale,synthetic_only,LR,6,22861,2529,6400,69,178,0.7100000000000001,0.7745098039215687,0.9813664596273292,0.6396761133603239,0.8396608481034564,0.7330479893340507,0.0,0.8876404494382022,0.00048756704046806434,0.16364288330078125,ok
fullscale,synthetic_only,kNN,6,22861,2529,6400,69,178,0.21000000000000002,0.7665847665847666,0.975,0.631578947368421,0.8391667012108901,0.6835005433591427,0.0,0.8764044943820225,0.0006500893872907525,0.41989612579345703,ok
fullscale,synthetic_only,MLP,6,22861,2529,6400,69,178,0.9600000000000001,0.7843137254901961,0.9937888198757764,0.6477732793522267,0.8654275489195554,0.7488052084797386,0.0,0.898876404494382,0.00016252234682268812,0.732043981552124,ok
fullscale,synthetic_only,XGB,6,22861,2529,6400,69,178,0.11,0.8133971291866029,0.9941520467836257,0.6882591093117408,0.8284954970782167,0.7492796365527037,0.0,0.9550561797752809,0.00016252234682268812,1.4811418056488037,ok
fullscale,synthetic_only,HGB,7,22846,2544,6400,69,178,0.01,0.8188235294117647,0.9775280898876404,0.7044534412955465,0.8822160415478181,0.7723765754222928,0.0,0.9775280898876404,0.0006500893872907525,1.6833500862121582,ok
fullscale,synthetic_only,RF,7,22846,2544,6400,69,178,0.24000000000000002,0.7952380952380952,0.9653179190751445,0.6761133603238867,0.9094753818123676,0.7667611977045858,0.0,0.9382022471910112,0.0009751340809361287,11.481151103973389,ok
fullscale,synthetic_only,LR,7,22846,2544,6400,69,178,0.49,0.7951807228915663,0.9821428571428571,0.6680161943319838,0.840785344827019,0.7372695083162546,0.0,0.9269662921348315,0.00048756704046806434,0.2073981761932373,ok
fullscale,synthetic_only,kNN,7,22846,2544,6400,69,178,0.21000000000000002,0.7745098039215687,0.9813664596273292,0.6396761133603239,0.8389910191598712,0.6838022317848909,0.0,0.8876404494382022,0.00048756704046806434,0.501190185546875,ok
fullscale,synthetic_only,MLP,7,22846,2544,6400,69,178,0.64,0.8142857142857143,0.9884393063583815,0.6923076923076923,0.8790129695464706,0.7451679171736598,0.0,0.9606741573033708,0.00032504469364537625,0.9820351600646973,ok
fullscale,synthetic_only,XGB,7,22846,2544,6400,69,178,0.02,0.8160377358490566,0.9774011299435028,0.7004048582995951,0.8161674861872453,0.7493770007398283,0.0,0.9719101123595506,0.0006500893872907525,1.4875190258026123,ok
fullscale,synthetic_only,HGB,8,22855,2535,6400,69,178,0.01,0.817966903073286,0.9829545454545454,0.7004048582995951,0.8956596663620193,0.770333318675464,0.0,0.9719101123595506,0.00048756704046806434,1.538160800933838,ok
fullscale,synthetic_only,RF,8,22855,2535,6400,69,178,0.27,0.8,0.9710982658959537,0.680161943319838,0.8984284681248934,0.7621772650219256,0.0,0.9438202247191011,0.0008126117341134406,10.375360012054443,ok
fullscale,synthetic_only,LR,8,22855,2535,6400,69,178,0.47000000000000003,0.7932692307692307,0.9763313609467456,0.6680161943319838,0.8458978899072306,0.7376025362403037,0.0,0.9269662921348315,0.0006500893872907525,0.1669309139251709,ok
fullscale,synthetic_only,kNN,8,22855,2535,6400,69,178,0.21000000000000002,0.7714987714987716,0.98125,0.6356275303643725,0.8390640555181601,0.6835097027531981,0.0,0.8820224719101124,0.00048756704046806434,0.44115591049194336,ok
fullscale,synthetic_only,MLP,8,22855,2535,6400,69,178,0.73,0.7980769230769231,0.9822485207100592,0.6720647773279352,0.8776588359846847,0.7582797033457016,0.0,0.9325842696629213,0.00048756704046806434,0.6883950233459473,ok
fullscale,synthetic_only,XGB,8,22855,2535,6400,69,178,0.04,0.819047619047619,0.9942196531791907,0.6963562753036437,0.8306221052763176,0.7494150080797409,0.0,0.9662921348314607,0.00016252234682268812,1.7086520195007324,ok
fullscale,synthetic_only,HGB,9,22850,2540,6400,69,178,0.02,0.8151658767772512,0.9828571428571429,0.6963562753036437,0.8761849491147138,0.7627472215241686,0.0,0.9662921348314607,0.00048756704046806434,1.5123419761657715,ok
fullscale,synthetic_only,RF,9,22850,2540,6400,69,178,0.31,0.7942583732057417,0.9707602339181286,0.6720647773279352,0.8894114388096784,0.7551116389633049,0.0,0.9325842696629213,0.0008126117341134406,10.980365991592407,ok
fullscale,synthetic_only,LR,9,22850,2540,6400,69,178,0.19,0.8018867924528302,0.96045197740113,0.6882591093117408,0.8439272242038544,0.7390855463412801,0.0,0.9550561797752809,0.0011376564277588168,0.17212414741516113,ok
fullscale,synthetic_only,kNN,9,22850,2540,6400,69,178,0.21000000000000002,0.7684729064039408,0.9811320754716981,0.631578947368421,0.8390548437252228,0.6829541827033503,0.0,0.8764044943820225,0.00048756704046806434,0.4485330581665039,ok
fullscale,synthetic_only,MLP,9,22850,2540,6400,69,178,0.23,0.8113207547169812,0.9717514124293786,0.6963562753036437,0.8652446290312287,0.748924328372158,0.0,0.9662921348314607,0.0008126117341134406,0.784188985824585,ok
fullscale,synthetic_only,XGB,9,22850,2540,6400,69,178,0.02,0.8113207547169812,0.9717514124293786,0.6963562753036437,0.8237178664697975,0.7556284360432522,0.0,0.9662921348314607,0.0008126117341134406,1.5683767795562744,ok
