detector,n_seeds,f1_mean,f1_std,real_mean,real_std,synth_mean,synth_std,normal_fpr_mean,normal_fpr_std,auroc_mean,auroc_std
mean(RSRP) < -100,1,0.048356630147336606,0.0,0.0,0.0,0.7191011235955056,0.0,0.7994474240208028,0.0,0.4269333743916104,0.0
mean(RSRP) < -95,1,0.05195755579948774,0.0,0.0,0.0,0.797752808988764,0.0,0.8251259548187876,0.0,0.4269333743916104,0.0
mean(RSRP) < -90,1,0.0581792063207039,0.0,0.0,0.0,0.9101123595505618,0.0,0.8386153096050707,0.0,0.4269333743916104,0.0
mean(RSRP) < -85,1,0.054870530209617754,0.0,0.0,0.0,1.0,0.0,0.985372988785958,0.0,0.4269333743916104,0.0
min(RSRP) < -100,1,0.05470213563132259,0.0,0.0,0.0,0.8202247191011236,0.0,0.8036730050381927,0.0,0.4704564640796004,0.0
min(RSRP) < -95,1,0.058545454545454546,0.0,0.0,0.0,0.9044943820224719,0.0,0.8275637900211279,0.0,0.4704564640796004,0.0
min(RSRP) < -90,1,0.06059525931206559,0.0,0.0,0.0,0.9550561797752809,0.0,0.8441410693970421,0.0,0.4704564640796004,0.0
min(RSRP) < -85,1,0.05508539775350054,0.0,0.014492753623188406,0.0,1.0,0.0,0.9869982122541849,0.0,0.4704564640796004,0.0
"HGB on PHY-only (30 feats), synth-only train",10,0.7145389971844625,0.016144276170369433,0.0014492753623188406,0.0045830111016933045,0.8067415730337079,0.03202192434426824,0.0018690069884609137,0.0014561655621339847,0.8251739877391037,0.014847823685852905
